{
  "$schema": "http://json-schema.org/schema#",
  "$id": "https://raw.githubusercontent.com/htappen/cloud-ai-load-test/master/ml_models/schema.json",
  "projectId": {
    "type": "string",
    "pattern": "[a-z]([-a-z0-9]*[a-z0-9])"
  },
  "modelId": {
    "type": "string",
    "pattern": "[a-z]([-a-z0-9]*[a-z0-9])"
  },
  "versionId": {
    "type": "string",
    "pattern": "[a-z]([-a-z0-9]*[a-z0-9])"
  },
  "testExamples": [
    { "$ref": "#/definitions/example"}
  ],
  "required": ["projectId", "modelId", "testExamples"],
  "definitions": {
    "example": {
      "instances": []
    }
  }
}
